{
    "uvs": [[0.815907,0.757641,0.611975,0.757641,0.611975,0.20411,0.815907,0.20411,0.408042,0.757641,0.408043,0.20411,0.20411,0.75764,0.204111,0.20411,0.000177,0.75764,0.000178,0.204109,0.204111,0.000177,0.408043,0.000178,0.885536,0.563722,0.880919,0.561114,0.880319,0.429761,0.885536,0.420528,0.885536,0.286211,0.884936,0.417564,0.880319,0.420173,0.880319,0.276977,0.380664,0.995282,0.190598,0.995282,0.200014,0.992156,0.369634,0.99213,0.000177,0.99213,0.190243,0.99213,0.180828,0.995257,0.011208,0.995282,0.822799,0.786056,0.825601,0.781553,0.825601,0.786856,0.816262,0.644275,0.889104,0.775627,0.816262,0.775627,0.816262,0.119425,0.961565,0.231592,0.816262,0.269621,0.879964,0.384847,0.816262,0.420173,0.816262,0.269976,0.885891,0.563721,0.885891,0.420528,0.891108,0.429761,0.890508,0.561113,0.959456,0.775982,0.956848,0.780599,0.825496,0.781199,0.816262,0.775982,0.825713,0.79231,0.822799,0.79231,0.824256,0.787211,0.816262,0.571079,0.947613,0.571079,0.816262,0.643921,0.999822,0.11907,0.816262,0.11907,0.908042,0.000177,0.879964,0.535398,0.816262,0.570724,0.816262,0.420528,0.408042,0.900816,0.20411,0.900816,0.815907,0.900816,0.611975,0.900816,0.408052,0.948076,0.20412,0.948075,0.20411,0.944516,0.408042,0.944516,0.408052,0.991776,0.20412,0.991775,0.819531,0.825258,0.819531,0.781553,0.822444,0.781553,0.822444,0.825258,0.819176,0.781553,0.819176,0.825258,0.816262,0.825258,0.816262,0.781553]],
    "faces": [43,2,0,1,3,0,2,3,0,1,0,1,2,3,43,3,7,6,2,0,1,4,5,2,3,4,5,0,43,7,5,4,6,0,4,6,7,5,4,6,7,5,43,0,4,5,1,0,9,7,6,8,1,7,6,2,43,0,2,6,4,0,10,11,5,7,1,0,5,7,43,17,20,12,5,0,12,13,14,15,8,9,10,6,43,18,20,11,1,0,16,17,18,19,11,9,12,2,43,7,3,13,19,0,20,21,22,23,4,3,13,14,43,1,5,12,18,0,24,25,26,27,2,6,10,11,42,11,20,17,0,28,29,30,12,9,8,42,18,22,20,0,31,32,33,11,15,9,42,18,12,22,0,34,35,36,11,10,15,42,20,22,12,0,37,38,39,9,15,10,43,16,7,19,21,0,40,41,42,43,16,4,14,17,43,10,21,13,3,0,44,45,46,47,18,17,13,3,42,10,16,21,0,48,49,50,18,16,17,42,21,19,23,0,51,52,53,17,14,19,42,19,13,23,0,54,55,56,14,13,19,42,21,23,13,0,57,58,59,17,19,13,43,5,7,16,17,0,6,4,60,61,6,4,16,8,43,1,11,10,3,0,0,62,63,1,2,12,18,3,43,9,8,14,15,0,64,65,66,67,20,21,22,23,43,14,17,16,15,0,66,61,60,67,22,8,16,23,43,8,9,10,11,0,65,64,68,69,21,20,18,12,43,8,11,17,14,0,70,71,72,73,21,12,8,22,43,10,9,15,16,0,74,75,76,77,18,20,23,16],
    "vertices": [-0.035,0,0.035,-0.035,0.19,0.035,-0.035,-0,-0.035,-0.035,0.19,-0.035,0.035,0,0.035,0.035,0.19,0.035,0.035,-0,-0.035,0.035,0.19,-0.035,-0.0005,0.24,0.035,-0.0005,0.24,-0.035,-0.0005,0.225,-0.035,-0.0005,0.225,0.035,0.0315,0.191,0.035,-0.0315,0.191,-0.035,0.0005,0.24,0.035,0.0005,0.24,-0.035,0.0005,0.225,-0.035,0.0005,0.225,0.035,-0.0315,0.191,0.035,0.0315,0.191,-0.035,0,0.22325,0.035,0,0.22325,-0.035,0,0.22325,0.01,0,0.22325,-0.01],
    "skinWeights": [],
    "materials": [{
        "mapDiffuseRepeat": [1,1],
        "DbgColor": 15658734,
        "depthTest": true,
        "colorEmissive": [0,0,0],
        "specularCoef": 50,
        "shading": "phong",
        "blending": "NormalBlending",
        "colorSpecular": [0.5,0.5,0.5],
        "DbgName": "Material",
        "colorAmbient": [0.64,0.64,0.64],
        "mapDiffuse": "milk.psd",
        "opacity": 1,
        "depthWrite": true,
        "mapDiffuseAnisotropy": 1,
        "colorDiffuse": [0.64,0.64,0.64],
        "DbgIndex": 0,
        "visible": true,
        "transparent": false,
        "mapDiffuseWrap": ["RepeatWrapping","RepeatWrapping"],
        "wireframe": false
    }],
    "metadata": {
        "uvs": 1,
        "materials": 1,
        "generator": "io_three",
        "normals": 24,
        "faces": 26,
        "vertices": 24,
        "version": 3,
        "type": "Geometry"
    },
    "name": "\u7acb\u65b9\u4f53Geometry.3",
    "influencesPerVertex": 2,
    "normals": [-0.577349,-0.577349,-0.577349,-0.577349,-0.577349,0.577349,-0.717887,0.29432,0.630848,-0.717887,0.29432,-0.630848,0.717887,0.29432,-0.630848,0.577349,-0.577349,-0.577349,0.717887,0.29432,0.630848,0.577349,-0.577349,0.577349,0.551103,0.225959,0.803217,0,-0.420515,0.907254,-0.058199,0.033052,0.997742,0.058199,0.033052,0.997742,-0.551103,0.225959,0.803217,0.058199,0.033052,-0.997742,-0.058199,0.033052,-0.997742,0,-0.548692,0.835994,0.551103,0.225959,-0.803217,0,-0.420515,-0.907254,-0.551103,0.225959,-0.803217,0,-0.548692,-0.835994,-0.577349,0.577319,-0.577349,-0.577349,0.577319,0.577349,0.577319,0.577349,0.577349,0.577319,0.577349,-0.577349],
    "skinIndices": []
}