{
    "uvs": [],
    "metadata": {
        "version": 3,
        "faces": 74,
        "type": "Geometry",
        "uvs": 0,
        "normals": 20,
        "vertices": 56,
        "generator": "io_three",
        "materials": 1
    },
    "faces": [35,0,1,2,3,0,0,1,2,3,34,4,3,7,0,4,3,5,34,5,6,0,0,6,7,0,34,4,0,3,0,4,0,3,34,4,5,0,0,4,6,0,35,0,6,8,1,0,0,7,8,1,34,9,8,11,0,9,8,10,34,10,2,1,0,11,2,1,34,9,1,8,0,9,1,8,34,9,10,1,0,9,11,1,35,3,2,12,13,0,3,2,9,4,35,4,7,10,9,0,4,5,11,9,35,9,11,5,4,0,9,10,6,4,34,14,15,16,0,12,13,0,34,7,3,16,0,5,3,0,34,13,14,16,0,4,12,0,34,3,13,16,0,3,4,0,34,10,12,2,0,11,9,2,34,18,19,12,0,14,15,9,34,10,17,12,0,11,1,9,34,17,18,12,0,1,14,9,35,19,14,13,12,0,15,12,4,9,35,7,16,17,10,0,5,0,1,11,35,20,15,14,21,0,16,13,12,17,35,18,17,16,15,0,14,1,0,13,35,22,19,18,23,0,18,15,14,19,35,14,19,22,21,0,12,15,18,17,35,23,18,15,20,0,19,14,13,16,35,22,8,6,21,0,18,8,7,17,35,11,23,20,5,0,10,19,16,6,35,24,25,26,27,0,0,1,2,3,34,28,27,31,0,4,3,5,34,29,30,24,0,6,7,0,34,28,24,27,0,4,0,3,34,28,29,24,0,4,6,0,35,32,25,24,30,0,8,1,0,7,34,33,32,35,0,9,8,10,34,34,26,25,0,11,2,1,34,33,25,32,0,9,1,8,34,33,34,25,0,9,11,1,35,27,26,36,37,0,3,2,9,4,35,28,31,34,33,0,4,5,11,9,35,33,35,29,28,0,9,10,6,4,34,38,39,40,0,12,13,0,34,31,27,40,0,5,3,0,34,37,38,40,0,4,12,0,34,27,37,40,0,3,4,0,34,34,36,26,0,11,9,2,34,42,43,36,0,14,15,9,34,34,41,36,0,11,1,9,34,41,42,36,0,1,14,9,35,43,38,37,36,0,15,12,4,9,35,31,40,41,34,0,5,0,1,11,35,44,39,38,45,0,16,13,12,17,35,42,41,40,39,0,14,1,0,13,35,46,43,42,47,0,18,15,14,19,35,38,43,46,45,0,12,15,18,17,35,47,42,39,44,0,19,14,13,16,35,46,32,30,45,0,18,8,7,17,35,35,47,44,29,0,10,19,16,6,35,48,6,5,49,0,0,7,6,3,35,50,48,49,51,0,12,0,3,4,35,50,21,6,48,0,12,17,7,0,35,49,5,20,51,0,3,6,16,4,35,21,50,51,20,0,17,12,4,16,35,8,30,29,11,0,8,7,6,10,35,22,45,30,8,0,18,17,7,8,35,11,29,44,23,0,10,6,16,19,35,45,22,23,44,0,17,18,19,16,35,32,52,53,35,0,8,1,2,10,35,46,54,52,32,0,18,15,1,8,35,52,54,55,53,0,1,15,9,2,35,35,53,55,47,0,10,2,9,19,35,54,46,47,55,0,15,18,19,9],
    "normals": [-0.577349,0.577349,0.577349,-0.577349,0.577349,-0.577349,-0.577349,-0.577349,-0.577349,-0.577349,-0.577349,0.577349,0.577349,-0.577349,0.577349,0.301492,0.301492,0.904508,-0.301492,-0.904508,0.301492,-0.301492,0.904508,0.301492,-0.301492,0.904508,-0.301492,0.577349,-0.577349,-0.577349,-0.301492,-0.904508,-0.301492,0.301492,0.301492,-0.904508,0.577349,0.577349,0.577349,-0.301492,-0.301492,0.904508,-0.301492,-0.301492,-0.904508,0.577349,0.577349,-0.577349,0.301492,-0.904508,0.301492,0.301492,0.904508,0.301492,0.301492,0.904508,-0.301492,0.301492,-0.904508,-0.301492],
    "vertices": [-0.3,0.68,0.6,-0.3,0.68,0.58,-0.3,0,0.58,-0.3,0,0.6,-0.28,0.66,0.6,-0.01,0.66,0.6,-0.01,0.68,0.6,-0.28,0.02,0.6,-0.01,0.68,0.58,-0.28,0.66,0.58,-0.28,0.02,0.58,-0.01,0.66,0.58,0.3,0,0.58,0.3,0,0.6,0.3,0.68,0.6,0.28,0.66,0.6,0.28,0.02,0.6,0.28,0.02,0.58,0.28,0.66,0.58,0.3,0.68,0.58,0.01,0.66,0.6,0.01,0.68,0.6,0.01,0.68,0.58,0.01,0.66,0.58,-0.3,0.68,-0.58,-0.3,0.68,-0.6,-0.3,0,-0.6,-0.3,0,-0.58,-0.28,0.66,-0.58,-0.01,0.66,-0.58,-0.01,0.68,-0.58,-0.28,0.02,-0.58,-0.01,0.68,-0.6,-0.28,0.66,-0.6,-0.28,0.02,-0.6,-0.01,0.66,-0.6,0.3,0,-0.6,0.3,0,-0.58,0.3,0.68,-0.58,0.28,0.66,-0.58,0.28,0.02,-0.58,0.28,0.02,-0.6,0.28,0.66,-0.6,0.3,0.68,-0.6,0.01,0.66,-0.58,0.01,0.68,-0.58,0.01,0.68,-0.6,0.01,0.66,-0.6,-0.01,0.68,0.6,-0.01,0.66,0.6,0.01,0.68,0.6,0.01,0.66,0.6,-0.01,0.68,-0.6,-0.01,0.66,-0.6,0.01,0.68,-0.6,0.01,0.66,-0.6],
    "name": "\u7acb\u65b9\u4f53Geometry",
    "materials": [{
        "colorDiffuse": [0.64,0.64,0.64],
        "DbgName": "Silver",
        "opacity": 1,
        "colorSpecular": [0.5,0.5,0.5],
        "wireframe": false,
        "transparent": false,
        "colorAmbient": [0.64,0.64,0.64],
        "visible": true,
        "shading": "phong",
        "colorEmissive": [0,0,0],
        "DbgIndex": 0,
        "depthWrite": true,
        "specularCoef": 50,
        "blending": "NormalBlending",
        "DbgColor": 15658734,
        "depthTest": true
    }]
}