{
    "geometries": [{
        "data": {
            "vertices": [-0.15,-0.4,-0.6,-0.15,-0.4,0.8,-0.15,0.4,-0.6,-0.15,0.4,0.8,0,-0.4,-0.6,0,-0.4,0.8,0,0.4,-0.6,0,0.4,0.8],
            "faces": [33,2,0,1,3,0,1,2,3,33,3,7,6,2,3,4,5,0,33,7,5,4,6,4,6,7,5,33,0,4,5,1,1,7,6,2,33,0,2,6,4,1,0,5,7,33,5,7,3,1,6,4,3,2],
            "metadata": {
                "vertices": 8,
                "generator": "io_three",
                "faces": 6,
                "version": 3,
                "normals": 8
            },
            "name": "\u7acb\u65b9\u4f53.002Geometry.4",
            "normals": [-0.577349,0.577349,-0.577349,-0.577349,-0.577349,-0.577349,-0.577349,-0.577349,0.577349,-0.577349,0.577349,0.577349,0.577349,0.577349,0.577349,0.577349,0.577349,-0.577349,0.577349,-0.577349,0.577349,0.577349,-0.577349,-0.577349]
        },
        "type": "Geometry",
        "uuid": "874F3CBC-D122-3C63-B119-2A5EDA56DD07"
    },{
        "data": {
            "vertices": [-2.75,-2.5,-0.2,-2.75,-2.5,0,-2.75,2.75,-0.2,-2.75,2.75,0,2.5,-2.5,-0.2,2.5,-2.5,0,2.5,2.75,-0.2,2.5,2.75,0],
            "faces": [33,2,0,1,3,0,1,2,3,33,3,7,6,2,3,4,5,0,33,7,5,4,6,4,6,7,5,33,0,4,5,1,1,7,6,2,33,0,2,6,4,1,0,5,7,33,5,7,3,1,6,4,3,2],
            "metadata": {
                "vertices": 8,
                "generator": "io_three",
                "faces": 6,
                "version": 3,
                "normals": 8
            },
            "name": "\u7acb\u65b9\u4f53Geometry.4",
            "normals": [-0.577349,0.577349,-0.577349,-0.577349,-0.577349,-0.577349,-0.577349,-0.577349,0.577349,-0.577349,0.577349,0.577349,0.577349,0.577349,0.577349,0.577349,0.577349,-0.577349,0.577349,-0.577349,0.577349,0.577349,-0.577349,-0.577349]
        },
        "type": "Geometry",
        "uuid": "7C781C05-ED54-3007-ADE9-A5CD0EC3D62E"
    },{
        "data": {
            "vertices": [-0.1,-5.15,-0.1,-0.1,-5.15,0.15,-0.1,-0.15,-0.1,-0.1,-0.15,0.15,0.15,-5.15,-0.1,0.15,-5.15,0.15,0.15,-0.15,-0.1,0.15,-0.15,0.15,-0.1,0.1,0.15,-0.1,0.1,-0.1,0.15,0.1,0.15,0.15,0.1,-0.1,5.15,-0.15,0.15,5.15,-0.15,-0.1,5.15,0.1,0.15,5.15,0.1,-0.1],
            "faces": [33,2,0,1,3,0,1,2,3,33,7,6,13,12,4,5,6,7,33,7,5,4,6,4,7,6,5,33,0,4,5,1,1,6,7,2,33,0,2,6,4,1,0,5,6,33,5,7,3,1,7,4,3,2,33,8,10,11,9,8,9,10,11,33,6,2,9,11,5,0,11,10,33,3,7,10,8,3,4,9,8,33,2,3,8,9,0,3,8,11,33,12,13,15,14,7,6,12,13,33,6,11,15,13,5,10,12,6,33,11,10,14,15,10,9,13,12,33,10,7,12,14,9,4,7,13],
            "metadata": {
                "vertices": 16,
                "generator": "io_three",
                "faces": 14,
                "version": 3,
                "normals": 14
            },
            "name": "\u7acb\u65b9\u4f53.005Geometry.4",
            "normals": [-0.707083,0,-0.707083,-0.577349,-0.577349,-0.577349,-0.577349,-0.577349,0.577349,-0.707083,0,0.707083,0.301492,-0.301492,0.904508,0.301492,-0.301492,-0.904508,0.577349,-0.577349,-0.577349,0.577349,-0.577349,0.577349,-0.577349,0.577349,0.577349,0,0.707083,0.707083,0,0.707083,-0.707083,-0.577349,0.577349,-0.577349,0.577349,0.577349,-0.577349,0.577349,0.577349,0.577349]
        },
        "type": "Geometry",
        "uuid": "6CECBDCB-5E3F-3A58-A8B0-FADCB4492BF1"
    },{
        "data": {
            "vertices": [-2.75,-2.5,-0.3,-2.75,-2.5,0,-2.75,2.75,-0.3,-2.75,2.75,0,2.5,-2.5,-0.3,2.5,-2.5,0,2.5,2.75,-0.3,2.5,2.75,0],
            "faces": [33,2,0,1,3,0,1,2,3,33,3,7,6,2,3,4,5,0,33,7,5,4,6,4,6,7,5,33,0,4,5,1,1,7,6,2,33,0,2,6,4,1,0,5,7,33,5,7,3,1,6,4,3,2],
            "metadata": {
                "vertices": 8,
                "generator": "io_three",
                "faces": 6,
                "version": 3,
                "normals": 8
            },
            "name": "\u7acb\u65b9\u4f53.001Geometry.4",
            "normals": [-0.577349,0.577349,-0.577349,-0.577349,-0.577349,-0.577349,-0.577349,-0.577349,0.577349,-0.577349,0.577349,0.577349,0.577349,0.577349,0.577349,0.577349,0.577349,-0.577349,0.577349,-0.577349,0.577349,0.577349,-0.577349,-0.577349]
        },
        "type": "Geometry",
        "uuid": "817305E8-4737-3B18-BFF1-FBEF78079525"
    },{
        "data": {
            "vertices": [-0.1,-5.15,1.4,-0.1,-0.15,1.4,-0.1,-0.15,-0.1,-0.1,-2.65,-0.1,-0.1,-2.65,1.3,-0.1,-3.45,1.3,-0.1,-3.45,-0.1,-0.1,-5.15,-0.1,0.15,-5.15,1.4,0.15,-5.15,-0.1,0.15,-3.45,1.4,0.05,-3.45,1.4,0.05,-2.65,1.4,0.15,-2.65,1.4,0.15,-0.15,1.4,-0.1,0.1,1.4,-0.1,0.1,-0.1,0.15,-0.15,-0.1,0.15,-2.65,-0.1,0.05,-2.65,-0.1,0.15,-3.45,-0.1,0.15,-3.45,1.3,0.15,-3.45,1.3,0.05,-3.45,1.3,0.05,-2.65,1.3,0.15,-2.65,1.3,0.15,0.1,1.4,0.15,0.1,-0.1,5.15,-0.15,-0.1,5.15,-0.15,1.4,5.15,0.1,1.4,5.15,0.1,-0.1],
            "faces": [32,0,6,7,0,1,2,32,2,3,4,3,2,2,32,0,5,6,0,1,1,32,1,2,4,4,3,2,32,0,4,5,0,2,1,32,0,1,4,0,4,2,33,8,0,7,9,5,0,2,6,32,14,1,0,7,4,0,32,8,10,0,5,8,0,32,12,13,14,5,5,7,32,10,11,0,8,8,0,32,12,14,0,5,7,0,32,11,12,0,8,5,0,33,2,1,15,16,3,4,9,1,32,3,18,19,2,6,10,32,2,17,18,3,11,6,32,3,2,18,2,3,6,33,7,6,20,9,2,1,12,6,32,10,21,22,8,12,12,32,9,20,21,6,12,12,32,10,8,9,8,5,6,32,10,9,21,8,6,12,33,23,11,10,22,12,8,8,12,33,24,12,11,23,13,5,8,12,33,25,13,12,24,14,5,5,13,32,14,18,17,7,6,11,32,13,25,18,5,14,6,32,14,13,18,7,5,6,33,1,14,26,15,4,7,15,9,33,17,2,16,27,11,3,1,16,33,15,26,27,16,9,15,16,1,33,14,17,28,29,7,11,6,5,33,26,14,29,30,15,7,5,8,33,17,27,31,28,11,16,12,6,33,27,26,30,31,16,15,8,12,33,29,28,31,30,5,6,12,8,33,24,19,18,25,13,10,6,14,33,4,3,19,24,2,2,10,13,32,21,23,22,12,12,12,32,4,24,23,2,13,12,32,21,5,23,12,1,12,32,5,4,23,1,2,12,33,6,5,21,20,1,1,12,12],
            "metadata": {
                "vertices": 32,
                "generator": "io_three",
                "faces": 43,
                "version": 3,
                "normals": 17
            },
            "name": "\u7acb\u65b9\u4f53.004Geometry.4",
            "normals": [-0.577349,-0.577349,0.577349,-0.577349,0.577349,-0.577349,-0.577349,-0.577349,-0.577349,-0.707083,0,-0.707083,-0.707083,0,0.707083,0.577349,-0.577349,0.577349,0.577349,-0.577349,-0.577349,0.301492,-0.301492,0.904508,0.577349,0.577349,0.577349,-0.577349,0.577349,0.577349,0,-0.707144,-0.707053,0.301492,-0.301492,-0.904508,0.577349,0.577349,-0.577349,0.301492,-0.904508,-0.301492,0.707083,-0.707083,0,0,0.707083,0.707083,0,0.707083,-0.707083]
        },
        "type": "Geometry",
        "uuid": "7277A4C9-4CB8-3FF1-B1BB-9E2FB2C3E4F0"
    }],
    "object": {
        "matrix": [1,0,0,0,0,1,0,0,0,0,1,0,0,0,0,1],
        "type": "Scene",
        "uuid": "D8895D66-5BE0-4DDA-BBA6-65809A5468F6",
        "children": [{
            "name": "Carpet",
            "uuid": "F3A1BEC5-8BD5-3957-AE59-44712F30A4DA",
            "matrix": [-1,0,0,0,0,0,1,0,0,1,0,0,0,0,0,1],
            "visible": true,
            "type": "Mesh",
            "material": "F3A1BEC5-8BD5-3957-AE59-44712F30A4DA",
            "castShadow": true,
            "receiveShadow": true,
            "geometry": "7C781C05-ED54-3007-ADE9-A5CD0EC3D62E"
        },{
            "name": "Ceiling",
            "uuid": "7E048A8F-A1A5-316C-8B55-733DE9FC3143",
            "matrix": [-1,0,0,0,0,0,1,0,0,1,0,0,2.65,1.6,2.65,1],
            "visible": true,
            "type": "Mesh",
            "material": "7E048A8F-A1A5-316C-8B55-733DE9FC3143",
            "castShadow": true,
            "receiveShadow": true,
            "geometry": "6CECBDCB-5E3F-3A58-A8B0-FADCB4492BF1"
        },{
            "name": "Door",
            "uuid": "001377C9-5DAC-3665-B42B-5CECA31866E1",
            "matrix": [-1,0,0,0,0,0,1,0,0,1,0,0,2.6,0.6,-0.4,1],
            "visible": true,
            "type": "Mesh",
            "material": "001377C9-5DAC-3665-B42B-5CECA31866E1",
            "castShadow": true,
            "receiveShadow": true,
            "geometry": "874F3CBC-D122-3C63-B119-2A5EDA56DD07"
        },{
            "name": "Floor",
            "uuid": "BC5EA681-B08F-3A26-86A4-DC0BC5C99234",
            "matrix": [-1,0,0,0,0,0,1,0,0,1,0,0,0,-0.2,0,1],
            "visible": true,
            "type": "Mesh",